{
  "project_info": {
    "project_number": "274513765649",
    "project_id": "supernutritionmaster",
    "storage_bucket": "supernutritionmaster.appspot.com"
  },
  "client": [
    {
      "client_info": {
        "mobilesdk_app_id": "1:274513765649:android:8827f67aa9850ca867d8b0",
        "android_client_info": {
          "package_name": "com.example.super_nutrtion_master"
        }
      },
      "oauth_client": [],
      "api_key": [
        {
          "current_key": "AIzaSyAjwKlPV1BJ7ec-pXLBuZCIkLGLoF03h8k"
        }
      ],
      "services": {
        "appinvite_service": {
          "other_platform_oauth_client": []
        }
      }
    }
  ],
  "configuration_version": "1"
}